{
  "sess1": {
    "value": "sess1",
    "created_at": 1778636108.532415,
    "last_active": 1778640843.4531698,
    "active": true
  }
}